y_true,prob_Bacterial Leaf Blight,prob_Brown Spot,prob_Healthy Rice Leaf,prob_Leaf Blast,prob_Leaf scald,prob_Sheath Blight
1,0.011545068,0.27835262,0.0046044365,0.69762695,0.0030957388,0.0047752815
4,0.594593,0.0019069016,4.155704e-05,0.032680273,0.34370908,0.027069233
3,0.21060197,0.028353222,0.0007728556,0.65495247,0.102230296,0.0030892415
2,6.1005805e-05,0.0016187042,0.9958255,0.0003004283,0.0001577672,0.0020365338
0,0.6630517,0.020575032,0.0007723813,0.11878093,0.15980826,0.03701171
1,0.02751847,0.83598983,0.007897545,0.09510694,0.018447604,0.015039545
2,0.00012666259,0.0004824983,0.9979613,0.0005183725,0.00032296163,0.00058831915
0,0.7152033,0.0325559,0.00090878137,0.123593695,0.079421416,0.048316915
1,0.04391289,0.2816264,0.016138148,0.16854727,0.17081232,0.318963
1,0.7078807,0.11199942,0.006001754,0.10156377,0.06254282,0.010011614
2,0.001114375,0.030341575,0.93615395,0.030070165,0.00025197954,0.002067901
5,0.014943296,0.00020330257,1.6527301e-05,0.0026878077,0.049864195,0.9322849
1,0.0031316045,0.97192895,0.0015161687,0.007592605,0.008477836,0.0073527615
2,0.00013974038,0.00049328984,0.9952891,0.00147337,0.00045582405,0.0021486434
4,0.028622745,0.1763234,0.0010064605,0.37572724,0.3082233,0.11009687
5,0.007271493,0.0032421974,0.0006766642,0.014603902,0.005615669,0.9685902
0,0.77600276,0.001280811,0.0002586476,0.011825409,0.20529988,0.0053324853
0,0.35099506,0.0035239055,0.0006983872,0.025052322,0.61269736,0.007032969
4,0.13540375,0.054303218,0.0062304144,0.11400628,0.5837032,0.10635307
5,0.047466476,0.008380743,0.00849018,0.11044289,0.05083485,0.7743849
2,0.013017768,0.68607295,0.018326236,0.19163199,0.06865229,0.022298733
0,0.8676053,0.00017909655,2.6984292e-06,0.10346377,0.016208095,0.0125409905
5,0.00047564885,0.0074683526,0.028987635,0.0012323564,0.0018155159,0.9600206
5,0.015724083,0.0012330416,1.9219206e-05,0.014460785,0.058382876,0.91018
4,0.010823249,0.0652523,0.23916182,0.058159597,0.39672527,0.2298778
0,0.62067777,0.007612612,0.00030587413,0.14766969,0.14463235,0.07910167
5,0.00012815437,0.00022488745,2.3533672e-05,0.00018563526,0.03301103,0.96642685
3,0.109559804,0.003405037,3.608061e-05,0.87212604,0.012397851,0.0024751842
5,0.11624739,0.05171964,0.0104561215,0.4179289,0.10447683,0.2991711
2,0.00010776701,0.0012899002,0.9984706,8.5295454e-05,2.8618884e-05,1.773489e-05
1,0.025219694,0.9196026,0.0022744064,0.008964865,0.040263098,0.003675368
1,0.014066792,0.05296398,0.0015682324,0.021154698,0.8909576,0.019288758
4,0.120685,0.011513795,0.011848207,0.47130242,0.22936437,0.15528631
0,0.8108909,0.0021190993,3.2499065e-05,0.18036981,0.005249749,0.0013379692
4,0.23069985,0.017688738,0.00015017526,0.009746686,0.72341317,0.018301426
2,0.0038978267,0.0709461,0.87670004,0.015082629,0.019059269,0.014314129
3,0.23106605,0.14395313,0.00033128363,0.5821303,0.035676904,0.006842332
0,0.66579527,0.04369658,0.00019556512,0.202575,0.085712485,0.0020251467
5,0.20748937,0.0017413746,5.054389e-05,0.10799286,0.032440662,0.6502851
2,0.0015462501,0.09335336,0.86771816,0.021999402,0.0012537641,0.014129059
0,0.6829224,0.032037158,0.0033488786,0.1807891,0.07304939,0.02785294
1,0.000102381324,0.931567,0.006927999,0.060137585,0.00090472953,0.000360407
4,0.041372865,0.0008067206,0.0004335543,0.039869513,0.11164072,0.80587673
1,0.21475443,0.058160726,0.0051903483,0.37869197,0.20169939,0.14150314
3,0.21791634,0.031852968,0.0021229796,0.2717527,0.15159817,0.3247569
5,0.00828459,0.11166474,0.07885635,0.11708776,0.10986789,0.5742387
5,0.17366095,0.017749198,8.984468e-05,0.036806185,0.2897573,0.4819365
0,0.8184546,0.008643388,0.00015263516,0.06688104,0.09754401,0.008324359
1,0.010499538,0.21867052,0.0005734757,0.765169,0.0007965096,0.0042908667
5,0.010946777,0.021327686,0.0006844767,0.10565029,0.0054777535,0.85591304
5,0.043801326,0.001453809,0.00065676967,0.018713754,0.03153501,0.90383935
1,0.013521326,0.55542094,0.31297302,0.058576424,0.0036483135,0.055859976
1,0.02002371,0.5932412,0.18212956,0.1488696,0.0016066828,0.05412917
4,0.46962196,0.0014366737,0.00024869666,0.0117101865,0.5159727,0.00100979
3,0.39229667,0.035645604,0.00026065393,0.49422148,0.036266036,0.04130954
3,0.013182863,0.5603081,0.0017293895,0.28014857,0.13645999,0.00817101
5,0.027732043,0.15304276,0.06441873,0.16010158,0.178303,0.41640183
4,0.56532687,0.0069860257,3.7714803e-05,0.07112408,0.3327776,0.0237477
3,0.120203316,0.22997405,0.0066116066,0.35918757,0.18625867,0.09776478
2,0.0013493617,0.05019877,0.89817417,0.010712971,0.032491513,0.0070731877
2,0.00020390992,0.016287781,0.97633684,0.0037765403,0.002354278,0.0010405725
5,0.0007771691,0.00022125863,0.00019014388,0.0004275806,0.0048645507,0.99351937
1,0.008234201,0.22912805,0.011097296,0.014391711,0.003577908,0.7335708
4,0.012277616,0.0007102319,0.00041830126,0.0040730084,0.97487485,0.0076460512
1,0.015986394,0.17356403,0.0007039798,0.24074942,0.012112426,0.5568838
0,0.6784766,0.06653341,0.044442926,0.15778095,0.007202083,0.045564163
4,0.08340885,0.03421128,0.00047695864,0.08108455,0.6790318,0.1217866
4,0.017996393,0.10377084,0.04553579,0.64788723,0.12151237,0.06329734
1,0.1288449,0.4687409,0.0070004463,0.36437675,0.026387937,0.004649027
1,0.00087096187,0.98443675,7.789348e-05,0.011162372,0.0013505728,0.0021014528
5,0.00065332727,0.00080972747,0.00064252835,0.0063618515,0.0024166505,0.989116
5,0.060584802,0.014696366,0.0007361601,0.02549649,0.069804184,0.82868195
5,0.32363462,0.0043987236,0.00030930238,0.31357387,0.045604393,0.3124791
1,0.0002698405,0.94131565,0.01887148,0.036036443,0.0010646995,0.0024417548
4,0.014430108,0.18573256,0.001503741,0.077096775,0.21648422,0.50475264
5,0.017491223,0.009778207,1.6317397e-05,0.030425604,0.025568191,0.91672045
4,0.004384524,0.128009,0.005020733,0.21125536,0.6461148,0.005215543
1,0.0022805228,0.6896185,0.00068972865,0.28814816,0.002431174,0.016831892
3,0.13694377,0.16007338,0.0061138393,0.63385355,0.05801765,0.0049977833
0,0.7673159,0.0266589,0.0008986025,0.1051024,0.092722304,0.007301853
1,0.0035085892,0.9151319,0.0010456392,0.04492442,0.020032179,0.015357242
4,0.16872513,0.016609268,0.0013779581,0.69553137,0.10012861,0.017627565
5,0.0016904436,0.011400806,0.007729956,0.0019690022,0.0016119984,0.97559786
4,0.016388852,0.00042628992,0.00023399909,0.04155211,0.40718505,0.53421366
2,0.0010749896,0.004596836,0.98199856,0.0069358177,0.0019024713,0.0034912254
0,0.9440783,0.0051315455,3.791251e-05,0.038641665,0.011781705,0.0003288859
0,0.34118855,0.10736367,0.010743132,0.4465886,0.0068947147,0.087221295
3,0.023876667,0.27483982,0.0031403354,0.6824624,0.013114191,0.002566532
5,0.1751695,0.002649614,0.0003616293,0.031695157,0.060193885,0.7299302
4,0.7062815,0.0050810063,3.268141e-05,0.038524143,0.23425317,0.01582756
5,0.029506467,0.004505364,0.00017698627,0.008409598,0.040194225,0.91720736
3,0.5184226,0.034910068,0.0033992056,0.18141636,0.22997437,0.031877425
2,8.609639e-05,0.0018051201,0.99768865,0.0002414647,0.00013659731,4.2182994e-05
3,8.750675e-05,0.0709717,0.0010792809,0.9219649,0.0007185643,0.005178106
2,0.0048752017,0.032570563,0.92307657,0.03415437,0.0047394373,0.0005837794
3,0.05683824,0.5828826,0.017020112,0.30332038,0.037491135,0.0024476065
0,0.17106816,0.022513254,0.0012176008,0.6294877,0.025753109,0.14996013
4,0.031944733,0.018994363,0.0026723754,0.08436856,0.47147405,0.39054582
2,0.029081905,0.22130363,0.21151537,0.4060628,0.055911288,0.076125
3,0.123541825,0.027208235,0.005790119,0.39622113,0.40980738,0.037431244
1,0.068023846,0.2547511,0.0021686624,0.4467299,0.11898141,0.10934513
1,0.0119604105,0.8428682,0.0026636163,0.10225715,0.038223024,0.002027514
3,0.016778693,0.029061379,0.019921813,0.92101496,0.0051957835,0.008027276
0,0.8962557,0.009023341,0.00012657538,0.050168972,0.043675616,0.000749821
4,0.053131398,0.10295479,0.008553341,0.3304528,0.33937567,0.165532
1,0.06626696,0.85994685,0.0009245294,0.057198633,0.01437423,0.0012887736
1,0.12239612,0.52269477,0.02255789,0.15457247,0.1612474,0.016531372
3,0.3933244,0.0068170484,0.00011670742,0.5945334,0.0032725134,0.0019359298
4,0.33959556,0.013205958,0.0018627417,0.05913556,0.39001966,0.19618057
2,0.0016770777,0.1553125,0.82356215,0.010888663,0.004104079,0.0044555604
3,0.21893848,0.0022180113,4.3067706e-05,0.7562246,0.014834772,0.0077411253
0,0.66014624,0.001901261,4.149315e-05,0.3190031,0.012749339,0.006158675
3,0.11477374,0.2736036,0.0071570086,0.5204254,0.023038872,0.061001413
2,0.01994968,0.17632969,0.5115617,0.25222898,0.0041392357,0.035790753
2,0.00021991656,0.012874577,0.9727111,0.003921031,0.009830359,0.00044306807
5,0.0033731502,0.000109226356,3.4205366e-06,0.008963452,0.0051108054,0.9824399
4,0.0662016,0.13484447,0.012784238,0.39465225,0.28949445,0.102023065
3,0.015391542,0.4148127,0.007835935,0.37614533,0.17851546,0.007299105
4,0.2909583,0.053068537,0.002221104,0.32396552,0.32253307,0.0072534075
3,0.09742453,0.004258536,0.001899954,0.8394336,0.011101809,0.04588152
5,0.060177654,0.011040145,5.5265824e-05,0.021045417,0.1701222,0.7375594
4,0.17051907,0.012637861,0.0011571436,0.15105568,0.6627485,0.0018817869
1,0.09993831,0.2042368,0.00480268,0.34258804,0.336045,0.01238918
0,0.5304285,0.04666728,0.0004679535,0.1485811,0.2717137,0.0021414475
0,0.85403097,0.0009441902,2.3974544e-05,0.1253527,0.014414852,0.0052333446
2,0.0014298046,0.03429469,0.7730004,0.025055187,0.006140766,0.1600791
1,0.015665133,0.5420466,0.0025598533,0.32007188,0.11800785,0.0016486617
2,0.011090696,0.052033637,0.8041748,0.009361227,0.05565008,0.06768946
1,0.0009175683,0.97042906,0.0094697,0.014581216,0.0031771322,0.0014253893
1,0.010724143,0.5553178,0.0032575072,0.074060455,0.105210066,0.2514301
5,0.13163796,0.0147713665,0.0016505042,0.7834585,0.027893972,0.040587705
4,0.101788394,0.042078517,0.024242878,0.08399703,0.42516062,0.32273257
0,0.6518084,0.00074564456,0.00016519909,0.18679436,0.12912066,0.03136573
3,0.24815011,0.011651396,8.791635e-05,0.31381705,0.04965417,0.3766393
3,0.012522915,0.062519185,0.1418854,0.18110149,0.011647626,0.5903233
2,2.5315616e-05,0.00067826203,0.9989089,7.548764e-05,0.00024248785,6.95241e-05
1,0.0033408988,0.7242258,0.019547248,0.06972367,0.17824467,0.004917601
1,0.07131321,0.066978484,0.12296272,0.16092333,0.4629488,0.11487347
4,0.55308694,0.0031192142,5.3030246e-05,0.019912641,0.41189712,0.011931054
5,0.0011693196,0.0008945031,8.711132e-05,0.008811988,0.0015108465,0.98752624
5,0.07769931,0.0037698804,0.00016964988,0.19729576,0.038581766,0.6824836
1,0.0006399509,0.86981416,0.0006566907,0.10762059,0.008892095,0.012376417
2,0.0016241994,0.22378567,0.7244807,0.039683558,0.00216587,0.008260064
2,2.6479363e-05,0.0018432344,0.9971656,8.7044355e-05,0.0001752679,0.0007024228
5,0.0027539914,0.0003658813,6.2481686e-06,0.0037963344,0.0834257,0.9096518
2,2.9111918e-06,0.0006041906,0.9991184,3.832769e-05,2.1459957e-05,0.00021469261
3,0.19248219,0.004962035,6.942023e-05,0.7886083,0.010562682,0.0033152997
3,0.27567494,0.07132987,0.0011414009,0.09983091,0.54353786,0.008484959
0,0.50227886,0.005559017,0.00015712097,0.45644176,0.016880166,0.01868305
5,0.0032960274,0.0014477357,0.0019389996,0.043639727,0.011421605,0.93825585
4,0.6823876,0.0050128684,0.00013666901,0.0680149,0.18563962,0.058808368
0,0.660628,0.009247652,0.00012027861,0.22617278,0.0863373,0.01749395
2,0.00045099563,0.010379373,0.9867091,0.0012692792,0.000985853,0.00020530644
2,0.002473906,0.02715982,0.9339504,0.011004972,0.006623249,0.018787693
5,0.0056621754,0.022794148,1.9335954e-05,0.005585721,0.050051436,0.91588706
1,0.065472305,0.79346704,0.0061526685,0.07166381,0.03179086,0.031453278
1,0.0005197846,0.69135684,0.00029394194,0.303823,0.0031702511,0.0008362183
0,0.8563174,5.9677022e-05,1.0284621e-06,0.09669578,0.037231058,0.009695022
5,0.0014885216,0.0006823659,4.8834674e-05,0.0054410635,0.0033382121,0.9890009
0,0.68361336,0.0009915361,6.8265166e-05,0.26124358,0.049849577,0.004233686
1,0.0030943593,0.63977754,0.0006371556,0.3423071,0.006887735,0.0072960756
1,0.0054647145,0.8751239,0.009752824,0.0964999,0.012011163,0.001147447
3,0.39108273,0.042307064,0.00031327142,0.27264467,0.0744738,0.21917844
2,6.652528e-06,0.0001601516,0.9995448,0.00018939919,1.6698843e-05,8.223835e-05
3,0.436895,0.0006272309,5.3939743e-06,0.54426163,0.006412535,0.01179816
4,0.36625624,0.10336342,0.031118492,0.25952214,0.14074965,0.098990194
4,0.0023771948,0.0011660703,5.8566522e-05,0.0009226857,0.9931028,0.0023726206
5,0.0018911022,0.007410308,0.003917831,0.002699789,0.0008179036,0.98326313
1,0.009037763,0.7936623,0.030630713,0.06620009,0.03946582,0.061003372
5,0.0041836067,0.0027304024,0.0023511178,0.0062589534,0.0106688645,0.9738071
2,0.00075351325,0.0011784137,0.98401445,0.0022812241,0.0038200184,0.007952362
2,0.0036002249,0.14552322,0.7638541,0.031056646,0.03800115,0.01796471
2,8.0039004e-05,0.0050819516,0.99372476,0.0002876433,0.0007785012,4.7189293e-05
2,0.004498163,0.013815161,0.9700927,0.007287351,0.00097307103,0.0033334885
4,0.058039315,0.04443468,0.0015693968,0.08703191,0.7544871,0.054437637
3,0.0019918869,0.042274624,0.0007315453,0.7678255,0.0034660343,0.18371037
0,0.93212235,0.0023111263,6.114342e-05,0.03652403,0.027001604,0.0019797436
4,0.029058073,0.036874045,0.004919143,0.069291264,0.8355057,0.024351709
4,0.3141073,0.016544774,0.0013563241,0.115575425,0.4394436,0.11297257
1,0.014407274,0.59947056,0.009473741,0.108590975,0.21568668,0.05237079
1,0.032431565,0.7916953,0.00036252465,0.112263076,0.06261874,0.0006287825
3,0.17711571,0.0076805884,6.571543e-05,0.8096413,0.004215453,0.0012811405
2,0.0030601905,0.06131449,0.8718113,0.010614314,0.013241278,0.039958544
0,0.42741728,0.0759918,0.020799503,0.36358342,0.02521967,0.08698838
1,0.0014206386,0.5216859,0.22847378,0.22866857,0.0024258583,0.017325293
2,0.0076003238,0.028300019,0.8116238,0.015259764,0.07147781,0.06573824
1,0.004672516,0.86633265,0.005850065,0.102916345,0.016368685,0.003859784
2,1.8368795e-05,0.00016265437,0.9992206,0.00038873078,6.962616e-05,0.00014001061
2,4.5883277e-07,1.1842225e-05,0.99998057,1.4762991e-06,4.7363997e-06,9.0273437e-07
4,0.017132683,0.09583478,0.15577565,0.039892565,0.2734884,0.41787598
1,0.057449374,0.89803207,0.00055247504,0.014476173,0.027453592,0.0020364204
3,0.19749625,0.0070594177,0.0013319934,0.7505777,0.014443674,0.029090984
3,0.030919723,0.087792866,0.0018728975,0.7941068,0.030218402,0.055089332
2,1.1904503e-05,0.00023190162,0.9987901,9.808054e-05,4.923547e-05,0.00081880775
5,0.002188144,0.001402241,1.4598857e-05,0.080646366,0.0041331938,0.9116155
1,0.0024015508,0.98289824,1.7280785e-05,0.012010726,0.0019165484,0.000755649
2,0.0005219955,0.012230578,0.98194283,0.0021466047,0.0030376567,0.00012027595
3,0.6054911,0.047671914,0.0020958423,0.19275542,0.07993906,0.07204665
0,0.45482567,0.07507534,0.006574355,0.28626075,0.075406805,0.1018571
4,0.34540936,0.01993329,0.0019525733,0.21925125,0.39505258,0.018401
4,0.55618507,0.01972273,0.00014084672,0.14028752,0.26377872,0.019885149
3,0.00959366,0.49231273,0.0044756783,0.4326241,0.053739116,0.007254722
5,0.001032838,0.00054359814,0.0001455719,0.0033401935,0.0033692752,0.9915685
1,0.0014271155,0.9241741,0.0059983325,0.038416572,0.029904833,7.913628e-05
2,0.0007828514,0.005951203,0.9892042,0.0011362819,0.0019491408,0.0009762243
2,0.0002601711,0.0013816905,0.98604715,0.00056151714,0.0011977513,0.010551664
4,0.16105612,0.0039203395,0.00043958792,0.015150307,0.22228847,0.5971452
5,0.0011398852,0.0067256237,0.0031492421,0.006552602,0.00041630302,0.98201627
1,0.010729525,0.8999457,0.000502375,0.07348217,0.009273821,0.0060663396
5,0.028374286,0.0020069508,0.0007752301,0.0064152614,0.036719903,0.92570835
2,0.00064583396,0.007635211,0.9819779,0.0031925344,0.003413092,0.0031354302
2,1.6765314e-06,0.00021775281,0.99967945,7.8199795e-05,1.1436929e-05,1.1500386e-05
1,0.0048518362,0.79630995,0.048253614,0.109500214,0.016218044,0.024866272
0,0.88055027,0.0011802015,5.3202235e-05,0.10341861,0.012362537,0.002435232
0,0.8838258,0.0008264763,6.3670625e-05,0.067014605,0.044352125,0.0039173644
5,0.034327235,0.015324954,3.679293e-05,0.13181673,0.09764801,0.7208463
1,0.0042662215,0.6471856,0.001298316,0.31985584,0.014022597,0.013371361
2,0.0005463395,0.016870845,0.92147946,0.011345951,0.0026879557,0.04706943
1,0.022702303,0.5069394,0.22435,0.10152912,0.009536042,0.13494305
0,0.8899163,0.003285415,0.00018018406,0.07332988,0.031476375,0.001811986
5,0.17173629,0.020909432,0.00089479436,0.06131831,0.016946191,0.728195
2,0.00051622425,0.0040584635,0.9770675,0.0076006763,0.0069903745,0.0037667672
5,0.00065803464,0.00081838487,0.0026738613,0.013859406,0.0006871482,0.98130316
5,0.004006019,0.0010953962,0.00021760572,0.013178695,0.01667233,0.96482986
0,0.92561746,0.0058129407,7.3318515e-05,0.027354332,0.04014358,0.00099837
3,0.10747537,0.05894093,0.002589557,0.79446083,0.011947295,0.024586054
3,0.08047047,0.2541376,7.216899e-05,0.6541737,0.010785788,0.00036033924
2,0.0028618332,0.035194177,0.95400167,0.004330981,0.0024168512,0.0011945099
3,0.18604241,0.15659228,0.0330951,0.2908535,0.10002739,0.23338927
5,0.0007211575,0.00042933435,4.3895907e-05,0.0032249433,0.0011802632,0.99440044
2,3.3083936e-06,0.00024272318,0.9995189,0.00014066615,1.396802e-05,8.0505386e-05
4,0.082435764,0.033902552,0.0008563994,0.35221544,0.47533962,0.055250306
4,0.37613064,0.0023036685,0.00012466233,0.024474466,0.5967628,0.00020376756
5,0.019406607,0.02330026,0.00043612716,0.057201814,0.05573036,0.8439249
3,0.022668425,0.3820937,0.025119295,0.5366052,0.021202793,0.012310609
1,0.08262939,0.30309325,0.0013035128,0.32274133,0.21418715,0.07604534
0,0.9327027,0.0038732223,1.4897204e-05,0.034960784,0.027326643,0.0011217404
3,0.25689092,0.00022519522,9.856725e-06,0.6541947,0.029664505,0.059014734
5,0.018803379,0.019087123,0.0026077526,0.08230624,0.008422505,0.8687731
4,0.013249722,0.07065348,0.6141424,0.03344069,0.23378342,0.03473029
3,0.10653217,0.007753475,1.7546954e-05,0.8737156,0.0036591764,0.008322034
5,0.0008515022,0.00012317636,5.5744604e-06,0.004974911,0.0018368119,0.9922082
0,0.6920917,0.03940517,0.00067072944,0.21079874,0.04678374,0.010249866
0,0.7972474,0.000712962,3.1803535e-05,0.10316516,0.094841115,0.0040014936
5,0.11191538,0.07224468,0.13516062,0.04917614,0.068253495,0.56324965
3,0.045273717,0.093102016,0.13803071,0.26388803,0.3530465,0.10665899
4,0.012878329,0.0096452255,0.037237737,0.0011822047,0.93092746,0.008128987
3,0.13367105,0.13382222,0.07220529,0.1925427,0.12338594,0.34437284
4,0.7525336,0.005830216,5.4701784e-05,0.1394822,0.096768476,0.005330753
1,0.0038814216,0.64876324,0.0012627073,0.19961071,0.1414936,0.004988378
5,0.00043500875,0.0018609831,0.8867077,0.0007036937,0.003946201,0.10634634
0,0.9261685,0.0056700753,0.0002117521,0.026479978,0.03456167,0.0069081057
5,0.002984718,0.0070717772,0.0075800745,0.019054495,0.01499179,0.94831717
1,0.0008149484,0.9740286,0.0049288194,0.016054727,0.0032503428,0.0009225127
4,0.093674615,0.11209787,0.0028177681,0.21168427,0.5740487,0.0056767473
5,0.0018879666,0.0002866544,0.0014027717,0.0015213349,0.009580112,0.9853212
1,0.0014131318,0.96546227,0.00023677984,0.021391513,0.009419499,0.0020768235
1,0.31514806,0.23257904,0.0063751573,0.2117683,0.1666712,0.06745823
1,7.3138064e-05,0.8626964,0.10753335,0.028365185,0.0011241242,0.00020775055
4,0.085014485,0.031036455,0.0012217207,0.20443884,0.6630501,0.015238352
4,0.50026673,0.040435683,0.00068818853,0.20339519,0.0865576,0.16865663
0,0.8237098,0.0038850892,4.1945736e-05,0.06727704,0.103794985,0.0012910621
2,4.1190528e-05,0.0150390975,0.9823245,0.0021070126,9.542485e-05,0.00039271094
4,0.38405108,0.10790734,0.001035546,0.113498166,0.37699175,0.01651613
1,0.013289335,0.5996266,0.16497476,0.08434173,0.0054052453,0.13236235
0,0.76888543,0.0069527584,0.00012283731,0.17555283,0.029960502,0.018525641
5,0.00017584024,0.002372416,0.002295774,0.0021963513,0.00040091886,0.99255884
4,0.22068164,0.0051401765,8.3287894e-05,0.11161433,0.64947075,0.013009777
0,0.5373314,0.0054084896,6.902583e-05,0.2923676,0.123880215,0.040943228
0,0.8093048,0.0061719157,0.0004685958,0.16659547,0.01417466,0.003284653
5,0.0075025535,0.00010698873,1.280816e-06,0.002747478,0.013794538,0.97584707
4,0.031942535,0.20345457,0.00041431346,0.25952253,0.49927446,0.005391488
2,0.0040111304,0.014169644,0.9162847,0.007178997,0.012522907,0.04583262
5,0.07181902,0.0170842,0.00019093913,0.13668293,0.111667246,0.66255563
1,0.010111006,0.92908573,0.014382785,0.033811342,0.012091916,0.000517262
3,0.13169234,0.117762536,0.0037992955,0.6929363,0.049650047,0.004159428
3,0.026433947,0.2380082,0.0066308742,0.71314293,0.013687822,0.0020962327
2,0.0002348006,0.0034148982,0.9879401,0.0057382463,0.001062178,0.001609719
0,0.57591707,0.0133147435,0.00012237686,0.3836854,0.025888367,0.0010720763
2,0.00014801043,0.03459382,0.9490372,0.015113671,0.0005492529,0.000558099
4,0.03557009,0.18872753,0.007703345,0.41027126,0.12026853,0.2374592
0,0.6499157,0.022570003,0.007910333,0.08436409,0.21588759,0.019352335
3,0.06830852,0.07102443,0.00018028267,0.84319067,0.0127978455,0.0044982694
5,0.070194535,0.03534322,0.010394573,0.04439506,0.29939625,0.54027635
2,2.4215103e-06,8.482549e-05,0.9991561,0.00033631158,0.00017922401,0.00024116442
1,0.030178552,0.18797427,0.07383483,0.037911363,0.03137442,0.6387266
4,0.03196433,0.098088935,0.06931275,0.046620995,0.70072013,0.053292885
0,0.4113916,0.0019113526,0.00013887885,0.5144417,0.061260656,0.010855817
5,0.029331759,0.017792704,0.00045309748,0.0356883,0.036349252,0.8803849
2,4.5572073e-05,0.00030119793,0.99902797,0.00028759503,8.093624e-05,0.0002568214
2,8.179128e-05,0.03643357,0.962653,0.00025477578,0.0005695113,7.462555e-06
1,0.015150711,0.6235384,0.07724624,0.11586819,0.0021214478,0.166075
3,0.05118517,0.04287032,0.010492212,0.3857908,0.003994071,0.50566745
0,0.8250976,0.0055698915,6.85345e-05,0.048861668,0.11612256,0.004279732
3,0.116294354,0.24982725,0.0009387766,0.5627554,0.046093818,0.02409036
4,0.008781396,0.00019271347,6.1078186e-05,0.0033421915,0.9833535,0.00426911
2,2.795845e-05,0.006020282,0.9863305,0.0013841223,0.0003844076,0.005852727
2,0.00016152018,0.0018848222,0.99302363,0.0004166627,0.0010245211,0.0034888552
4,0.80988485,0.0014836544,2.4384495e-05,0.022108888,0.16606389,0.0004342933
4,0.04821729,0.34111312,0.0009019766,0.33118612,0.27477646,0.0038050215
3,0.01794201,0.27046806,0.0005238133,0.67013526,0.027098102,0.013832769
5,5.8767233e-05,0.0003676776,0.0001035896,0.00073500886,0.00014155671,0.9985934
1,0.18116808,0.07105382,0.0045116916,0.21042667,0.52265567,0.010184042
2,0.0012732294,0.21452586,0.66029084,0.116019726,0.0030954864,0.004794916
3,0.56337655,0.05958477,0.0016193879,0.29580945,0.07704955,0.0025604076
0,0.46604756,0.002529033,0.0013466974,0.065153,0.36193013,0.10299362
3,0.06250229,0.019453641,0.001891457,0.7793973,0.13092037,0.0058349613
0,0.74921566,0.008792814,0.00017663994,0.115405135,0.061815694,0.06459398
5,0.0010335649,0.007242495,0.51378393,0.0009347086,0.0058436957,0.47116154
1,0.010709465,0.9263541,0.0040862462,0.051035766,0.0052100737,0.002604242
5,0.0012331782,0.020372877,0.00070596853,0.0038987414,0.018368304,0.9554209
3,0.28936338,0.013269933,0.0003280779,0.60007656,0.053497255,0.043464836
1,0.0012993135,0.8495624,0.031365216,0.11247884,0.004670265,0.000624004
1,0.032114174,0.37676352,0.01826191,0.56485575,0.005678344,0.002326362
1,0.01298008,0.5589269,0.011779394,0.39638168,0.0046692467,0.015262681
0,0.79186845,0.010217789,6.239904e-05,0.16330172,0.030285992,0.004263615
4,0.21608104,0.026736662,0.0003941443,0.0067577376,0.70479864,0.04523177
3,0.01442216,0.09975383,0.03337856,0.033655215,0.52722085,0.29156938
4,0.22308318,0.006153651,0.005021514,0.053133264,0.67495954,0.037648737
2,0.0002833252,0.16487063,0.81107956,0.019098828,0.0023978862,0.0022698876
4,0.031507432,0.01198719,0.050857827,0.021833275,0.44544104,0.4383733
4,0.14376219,0.075080246,0.15201393,0.25533423,0.34774128,0.026068155
5,0.011556404,0.0006981184,0.0013123743,0.0041742343,0.014824761,0.96743417
0,0.78775984,0.0003344135,1.3930893e-05,0.16878517,0.03666634,0.006440339
4,0.019914523,0.026050566,0.0018233384,0.04631337,0.8996381,0.0062600737
2,0.012560218,0.043936927,0.8942113,0.0028222986,0.0033395453,0.043129683
4,0.79198664,0.007258842,0.000989451,0.09297487,0.103534326,0.0032558301
3,0.006972094,0.568598,0.017994884,0.26410374,0.13121669,0.011114653
4,0.015760558,0.16018629,0.19186692,0.045953326,0.2336492,0.3525837
0,0.69806474,0.0009871173,8.997671e-05,0.08191985,0.17916021,0.039778065
0,0.46984074,0.06888534,0.0004468953,0.44232556,0.01296105,0.005540376
0,0.6679863,0.009884557,0.0013200705,0.22545716,0.075067945,0.020284038
0,0.14867061,0.022316478,0.0026783173,0.74863327,0.004063872,0.07363748
3,0.014092639,0.23537408,0.00013158667,0.7310064,0.009686578,0.009708701
1,0.04915177,0.29499277,0.4014996,0.19956426,0.001560813,0.053230863
4,0.018738871,0.1769678,0.12165256,0.021686586,0.46057191,0.2003822
2,0.0003712904,0.002263478,0.9930246,0.0032267328,0.0007898465,0.00032404086
3,0.109338306,0.14481722,0.00016014844,0.7140247,0.029392632,0.002267037
5,0.0017325314,0.0008090458,0.000506449,0.0032058863,0.032091103,0.961655
1,0.024500348,0.33929262,0.016974166,0.22321647,0.38275972,0.013256709
3,0.07414985,0.5437949,0.010875777,0.31122562,0.057160433,0.0027933733
5,0.0060213027,0.0018794279,6.174693e-05,0.0106381895,0.0076185106,0.9737809
0,0.4506308,0.11903458,0.0010320515,0.16100913,0.13185711,0.13643622
5,0.0009059673,0.001974475,0.0009970384,0.008568226,0.008146986,0.9794073
5,0.0023194938,0.00016583594,1.3160409e-05,0.0043166513,0.005348759,0.98783606
1,0.011143462,0.2538208,0.02544141,0.013580789,0.00960915,0.6864044
2,0.0016501052,0.00789276,0.9712332,0.0009128917,0.0070137028,0.011297312
4,0.56908894,0.0045346804,0.00050113286,0.051931147,0.36798796,0.0059560663
2,9.9413264e-05,0.0015543675,0.9722139,0.0008351868,0.0005234229,0.02477368
3,0.011515753,0.045077622,0.02207964,0.7315919,0.00319123,0.18654394
2,0.009169622,0.14679748,0.6911137,0.09529333,0.018249368,0.039376516
5,0.0778648,0.085663356,0.02031961,0.16431338,0.12782443,0.5240144
0,0.41138968,0.056130923,0.0015705646,0.17366259,0.005405841,0.35184044
4,0.049131937,0.29058915,0.0185421,0.14080827,0.3331306,0.16779798
1,0.016138501,0.67778283,0.036735952,0.2347103,0.0045296336,0.030102722
4,0.5890771,0.006977185,0.0002454979,0.0958604,0.25620615,0.051633682
4,0.20346513,0.017665954,0.0005079353,0.038679864,0.736964,0.002717074
5,0.013551099,0.0015525265,0.009139284,0.018800171,0.01972454,0.9372323
0,0.7392401,0.015970396,0.00015923256,0.072855964,0.17079097,0.0009833387
4,0.10278252,0.00055464765,0.00022989842,0.01965208,0.7838898,0.0928912
3,0.46864483,0.000653464,3.179972e-05,0.5240278,0.001258662,0.0053834748
0,0.47836584,0.0022557257,3.45948e-05,0.058223583,0.34280255,0.11831769
1,0.0101338755,0.4800122,0.008015151,0.16822821,0.32582188,0.007788725
0,0.66363657,0.00976039,0.0001698083,0.13860914,0.18623029,0.0015937675
5,0.65376097,0.088511735,0.0003504234,0.20343862,0.048306964,0.005631312
1,0.41418162,0.47806355,0.0021137109,0.0570648,0.03645582,0.012120563
5,0.003800429,0.00012669961,2.4558001e-05,0.005014388,0.07721393,0.91381997
5,0.003978576,0.00024637638,4.5389897e-06,0.008301068,0.0057577393,0.98171175
1,3.0871928e-05,0.9375272,0.007915705,0.053544093,0.00012003236,0.0008620154
2,0.0010407453,0.023310462,0.93110585,0.031945802,0.0034456486,0.009151488
4,0.05079506,0.10889701,0.0009066412,0.08499608,0.3893539,0.36505124
1,0.044451136,0.8485435,0.0039167255,0.07579947,0.009777053,0.017512118
0,0.772788,0.0013790597,7.981754e-05,0.041483138,0.18371575,0.00055430736
1,0.00014936365,0.2034081,0.55927795,0.04498794,0.004627987,0.18754871
2,0.0044254456,0.17609604,0.7642204,0.013256476,0.006483062,0.035518598
0,0.7517625,0.0042280536,0.00017504189,0.09499405,0.14172438,0.0071160034
1,0.03351895,0.90138316,0.0010806137,0.038794655,0.023790702,0.0014318113
2,0.014621843,0.10347219,0.78119826,0.03303798,0.050808407,0.016861351
4,0.8639968,0.0009385315,2.2823699e-05,0.021046257,0.113464735,0.000530854
1,7.608321e-05,0.8714436,0.0867277,0.039655752,0.0011845683,0.0009123587
3,0.04162125,0.043448582,0.004721633,0.18680067,0.2012126,0.5221953
3,0.5686537,0.0031592953,0.00042816316,0.40073717,0.020050999,0.0069706235
3,0.04049401,0.01958496,0.0003039886,0.9097326,0.024217796,0.005666679
1,0.00277744,0.7093095,0.0004891603,0.2324329,0.04075099,0.014239942
4,0.19471933,0.08022892,0.008570884,0.09528626,0.3800448,0.24114983
2,0.00010110309,0.010374326,0.9863446,0.0021970887,0.00062947714,0.00035343753
2,8.827352e-05,0.001344187,0.99619555,0.0017111019,0.00040495113,0.00025593553
2,0.0056168926,0.122767724,0.7098319,0.11950062,0.0037301192,0.038552716
5,0.029141651,0.0004195151,1.5787214e-06,0.024511088,0.017520372,0.9284057
2,1.3424318e-05,0.00036406878,0.99937767,5.0484297e-05,9.11881e-05,0.00010326146
3,0.7924892,0.002736182,0.00033009594,0.12622665,0.041351426,0.03686643
4,0.031141197,0.036514305,0.0026195399,0.059341755,0.8110005,0.059382726
5,0.011055751,0.0124023575,0.021796502,0.03729392,0.038337126,0.87911433
0,0.46863145,0.052424572,0.0068072286,0.42403004,0.012660444,0.035446312
0,0.62114596,0.060459685,0.0004713639,0.27183476,0.010191689,0.035896566
4,0.043329306,0.172547,0.00040365,0.1940894,0.5811762,0.008454451
4,0.28649834,0.0016089589,7.2603725e-06,0.095333226,0.6013252,0.015226924
3,0.35581422,0.00045528324,6.8096924e-06,0.60833555,0.008022206,0.027365953
1,0.44592974,0.33494854,0.01554323,0.13361323,0.06280827,0.007156962
3,0.56557685,0.0011983913,2.2951532e-05,0.28387737,0.130456,0.018868484
5,0.0034543602,0.009677458,0.0001962028,0.032402717,0.0009402317,0.9533289
3,0.0034989933,0.015422903,0.004792792,0.9469996,0.0084599685,0.020825695
1,0.3576304,0.41160813,0.004829432,0.08335913,0.10899542,0.03357755
4,0.02235427,0.01951991,0.00031804427,0.05203662,0.90441644,0.0013547597
1,0.14442328,0.6898229,0.0046059354,0.13520859,0.024648568,0.0012907507
2,7.1901613e-06,0.0008243132,0.9983966,0.00021197983,6.1572275e-05,0.0004983482
4,0.0014494272,0.00039979047,5.4623128e-05,0.0014557727,0.9945663,0.0020739948
1,0.006117355,0.7168411,0.00032060719,0.26771146,0.007560867,0.0014486444
3,0.03862182,0.19448829,0.0038689242,0.7471385,0.0114079015,0.004474566
4,0.6459965,0.002033734,0.0002597431,0.015548826,0.33224428,0.0039168852
3,0.24628788,0.0048913327,2.412779e-05,0.72924626,0.011394256,0.008156187
3,0.39404345,0.00074803724,7.799845e-06,0.5914164,0.0107504865,0.0030338676
1,0.008624177,0.8546245,0.0034771296,0.108377874,0.01988812,0.005008189
4,0.027601913,0.37613353,0.015541308,0.25241864,0.22258706,0.10571763
2,0.001199187,0.00034406153,0.97052526,0.00246309,0.022439076,0.00302932
2,6.268292e-05,0.0011190381,0.9985286,4.117183e-05,0.00010199739,0.0001465768
3,0.11635969,0.061134882,0.00015359123,0.80228204,0.01044771,0.009622033
2,4.978011e-05,0.007006851,0.9914698,0.00043222308,0.0001033373,0.0009380487
3,0.0073278532,0.34534794,0.0045063533,0.3311658,0.30453464,0.0071173916
4,0.22239512,0.16561596,0.010845851,0.18978475,0.39251137,0.018846935
3,0.52810234,0.0005522765,3.6263775e-06,0.44107684,0.028784702,0.0014801528
2,1.8642255e-05,0.0010054269,0.99810565,0.0004219161,0.000117465126,0.00033088625
0,0.53573614,0.17254004,0.0017679442,0.21782134,0.06738206,0.0047524483
0,0.8464762,0.003278681,0.00025938233,0.08851993,0.05750109,0.003964706
1,0.015405487,0.47423697,0.041023232,0.3397196,0.1102728,0.019341849
5,0.21878834,0.07141543,0.00220488,0.39521652,0.23924372,0.07313112
4,0.14911705,0.006918082,0.026158169,0.05958184,0.6013515,0.15687338
1,7.8233614e-05,0.91958714,0.034923185,0.044502407,0.00046143596,0.00044766837
0,0.70096874,0.018930135,0.00018217342,0.05199114,0.22419249,0.0037353318
2,4.374594e-05,0.0027505634,0.99065065,0.00028394564,0.00031644397,0.0059545846
3,0.57724804,0.004420498,0.00074923085,0.28711763,0.08381866,0.046645902
4,0.033225995,0.0009286592,8.317849e-05,0.009394452,0.93429524,0.022072464
2,0.00012908647,0.003688244,0.9939004,0.00036298827,0.0018183038,0.000100970596
0,0.82457757,0.0008121843,1.7096247e-05,0.07867295,0.09463624,0.0012839505
4,0.17490321,0.011308724,0.0057763592,0.057877935,0.5835583,0.16657536
5,0.12939455,0.0032991518,0.0010382072,0.11868994,0.17800707,0.56957114
3,0.8178701,0.0014732601,2.2930042e-05,0.12200045,0.028697528,0.029935712
1,0.029961504,0.33798623,0.0007758018,0.24658245,0.029648377,0.3550456
5,1.6184718e-05,0.00027534217,0.9993837,3.8232018e-05,1.9923462e-05,0.0002666197
2,0.002202404,0.013611795,0.97857887,0.003749915,3.8315957e-05,0.0018186494
5,0.012468998,0.0085724,0.011773772,0.021970093,0.014261157,0.9309536
2,5.1543495e-05,0.0022893446,0.9970656,0.0003017975,2.8467792e-05,0.00026328894
4,0.30142596,0.0067454255,0.00019435171,0.28393987,0.3528349,0.0548595
2,1.0645117e-05,0.0014847921,0.9964222,0.00084072025,0.0003342229,0.0009075317
3,0.110735394,0.0026101626,4.5108292e-05,0.8533707,0.007219843,0.026018668
4,0.060789082,0.35655713,0.004049856,0.26758543,0.28663698,0.024381515
3,0.11544904,0.12979208,0.008358331,0.34093302,0.28722107,0.118246414
1,0.00030126935,0.9376908,0.00052544754,0.05920043,0.0017155253,0.0005665509
0,0.64960873,0.0043519014,0.00019880848,0.09880534,0.24508159,0.0019536328
5,0.00032976523,0.00040340703,4.7956047e-07,0.0029473952,0.007829765,0.98848933
4,0.09378515,0.020092338,0.06057619,0.1013959,0.6353281,0.08882227
2,8.168639e-05,0.00017867079,0.99490523,0.0004408949,0.00036999246,0.0040235715
1,8.991422e-05,0.918816,0.018796133,0.061838128,0.00012208581,0.0003377839
0,0.6471893,0.018394481,0.00027247163,0.14160709,0.15476282,0.037773687
0,0.8429766,0.0025406007,2.9398745e-05,0.04821461,0.10529051,0.00094826083
3,0.16479544,0.12340216,0.0004686132,0.6891733,0.014125145,0.008035413
0,0.47696558,0.10638231,0.052633256,0.2123808,0.029283514,0.12235458
0,0.24420078,0.10611726,0.086433865,0.3998192,0.033520907,0.12990806
1,0.010764301,0.79957235,0.00059430196,0.097138226,0.091050625,0.000880142
4,0.0032384258,0.027443713,0.0007576143,0.020512404,0.003615993,0.94443184
5,0.012888028,0.0002921979,1.4828081e-05,0.0017243408,0.06947344,0.91560715
1,0.06345565,0.08214541,0.0026893653,0.02125086,0.8169611,0.013497545
1,0.5210028,0.15793008,0.0024941252,0.22297144,0.086470895,0.0091305645
4,0.081085995,0.001976207,0.6335329,0.15269403,0.11662108,0.014089823
3,0.107728966,0.013882499,0.0001764582,0.8703069,0.006963464,0.00094170467
1,0.008741325,0.49311355,0.0019774237,0.18754263,0.0061051818,0.30251995
5,0.0060996027,0.0005715954,1.1082458e-05,0.0014724231,0.0074056545,0.9844396
3,0.0025797838,0.06918986,0.000408818,0.9176835,0.0034845986,0.006653423
1,0.00606377,0.8451013,0.0054451604,0.12589386,0.01024772,0.0072482694
3,0.115282014,0.01913311,0.05464477,0.08801881,0.7118365,0.011084816
4,0.22422387,0.12760408,0.0014687963,0.26474518,0.37533793,0.0066201556
4,0.03235096,0.0020755946,0.011169224,0.0023251746,0.9383837,0.013695341
2,0.0059249015,0.034341596,0.9317336,0.008308787,0.017325338,0.0023658487
2,0.003153181,0.06714992,0.87921494,0.014931258,0.0057976376,0.029753044
2,0.0033703411,0.15146169,0.6727424,0.16864118,0.003269595,0.0005147689
5,0.0008782511,0.0002861547,1.6676213e-05,0.0014849677,0.0066301012,0.99070376
4,0.039988056,0.0389687,0.0011471135,0.063935414,0.8229255,0.03303524
1,6.8771966e-05,0.9034062,0.0076509584,0.08764119,0.00028819425,0.0009447384
4,0.09234949,0.033197846,0.00044256396,0.04956657,0.8144304,0.0100131035
2,0.0015175205,0.0020635256,0.98886,0.0051552444,0.00094317686,0.0014605869
0,0.28312224,0.08382398,0.00036816375,0.23180182,0.12292541,0.2779584
5,0.0069449875,0.001270503,2.1300733e-05,0.0049835294,0.012985089,0.9737945
5,0.011987083,0.0066894772,0.00044614635,0.014894504,0.00246607,0.9635168
4,0.16633548,0.19722374,0.003257981,0.037634183,0.58897173,0.00657693
2,5.5489513e-06,0.00026127655,0.999556,0.00013700864,2.1476239e-05,1.8689634e-05
4,0.17871444,0.002801021,0.0014427614,0.16014205,0.21166222,0.44523758
4,0.046838608,0.027292253,0.0046557556,0.21095222,0.29760098,0.4126602
3,0.04231476,0.013571698,0.06721897,0.10839228,0.6212888,0.1472135
3,0.008804585,0.21489152,0.01347919,0.71330404,0.01178595,0.037734732
2,6.353793e-05,0.0009874811,0.9977368,0.00039645156,0.00038552503,0.00043014655
5,0.014508319,0.004743893,0.000105379026,0.045030903,0.009295158,0.9263164
2,1.4388089e-05,0.0005247145,0.9983962,0.0007731381,0.00019705339,9.4422096e-05
0,0.48122966,0.18254578,0.0014303547,0.039117064,0.27352875,0.02214838
1,0.43541113,0.11837727,0.0007405761,0.361454,0.070995875,0.01302118
1,0.037796866,0.47552764,0.0066639245,0.10707418,0.32908157,0.04385586
5,0.0011573085,0.009392272,0.0036672312,0.0147786895,0.0021154971,0.968889
4,0.26626801,0.0024663522,4.8149624e-05,0.036541134,0.6810408,0.013635549
0,0.7733359,0.0034154968,0.00017123498,0.08811693,0.13101065,0.0039498247
4,0.47008878,0.0012286422,3.879181e-05,0.011465054,0.5076923,0.009486425
2,0.002497538,0.014869128,0.9528252,0.015596584,0.0054460405,0.008765464
1,0.047766216,0.8849594,0.0024189046,0.03970196,0.016434284,0.0087192925
1,0.00027149715,0.9222456,0.023521869,0.051494468,0.0011138082,0.0013527146
1,0.045690965,0.3930614,0.008539858,0.30017883,0.24388084,0.008648071
0,0.8888235,0.0030810507,0.00014693855,0.019212887,0.087479405,0.0012561267
4,0.15603425,0.025864242,0.0014374385,0.17339668,0.63005656,0.0132108545
3,0.053889718,0.082278736,0.0014537041,0.8161929,0.0045156153,0.041669294
2,6.9671696e-05,0.0059751975,0.9840242,0.0072765276,0.0005580424,0.0020962844
4,0.03501047,0.23573507,0.017714856,0.31879213,0.31134677,0.08140067
2,0.00026177958,0.029201943,0.9597832,0.009317284,0.00057786907,0.0008579061
3,0.23137888,0.26309764,0.005307539,0.24328284,0.20508043,0.05185269
5,3.1526313e-05,0.00028694427,8.78544e-07,0.0025879869,0.002692228,0.9944003
0,0.49111238,0.007998593,0.00042886488,0.44917384,0.010396178,0.040890165
3,0.12579763,0.049101677,0.0007082475,0.7936684,0.028039545,0.0026845175
3,0.54355985,0.014587952,0.0014673533,0.3638934,0.031211015,0.045280453
0,0.60752076,0.0051626354,3.910746e-05,0.23768964,0.120131046,0.02945677
1,0.00082638254,0.9287429,0.0009514471,0.057814572,0.010762834,0.0009018388
5,0.0094589135,0.0072910963,0.0010033832,0.056275044,0.011546817,0.9144247
3,0.37575594,0.004668222,2.1710404e-05,0.603217,0.014119457,0.0022177265
0,0.77545494,0.0016621845,4.4952878e-05,0.19343741,0.022276646,0.0071238605
1,0.00041313382,0.9893517,0.000105733365,0.009558451,0.000274024,0.00029700127
5,0.0006011198,0.0015029933,1.456255e-05,0.0024411476,0.0024148216,0.9930253
3,0.12405918,0.018563995,0.00051735627,0.055172827,0.6803478,0.12133885
1,0.008521774,0.23360944,0.042683747,0.03719245,0.056591038,0.62140155
0,0.87406826,0.0003901685,3.136378e-05,0.005538487,0.119291976,0.00067969
0,0.53274614,0.00059722,0.0004321163,0.016407553,0.36688718,0.082929805
3,0.040248815,0.034137294,0.005597766,0.6192506,0.007825575,0.29293987
1,0.0010184323,0.90327865,0.007533695,0.07783261,0.0032415618,0.00709513
1,0.039762102,0.33579537,0.05933352,0.04914039,0.044263553,0.47170514
0,0.74176466,0.014882985,0.0002449018,0.20769608,0.031757742,0.0036535664
1,0.0009682063,0.8929601,0.0038787376,0.099959075,0.00085398136,0.0013800336
3,0.0277897,0.012116328,0.0003741066,0.84968066,0.0044794907,0.105559774
1,0.008801498,0.7165692,0.0017448037,0.13196383,0.09005448,0.05086619
0,0.7604877,0.015805067,0.00030121126,0.07268045,0.13107552,0.019650016
3,0.040546153,0.031763636,0.001161488,0.88092905,0.019872174,0.025727522
0,0.088832,0.010660929,0.0007559497,0.39990845,0.034019668,0.4658229
4,0.02706445,0.060377102,0.01627633,0.037431516,0.8538114,0.005039328
2,0.00026497265,0.0025362165,0.992691,0.0008444884,0.0023800111,0.0012833978
2,0.000680545,0.080258295,0.8962473,0.0010874829,0.002361332,0.019365044
3,0.4616723,0.0044510597,6.751181e-05,0.44420615,0.0815482,0.008054763
5,0.044788286,0.012136283,0.0001006364,0.0073204283,0.18646239,0.74919194
0,0.30064705,0.15462245,0.11989543,0.15954487,0.25256476,0.012725361
0,0.47493947,0.010887067,0.00053464883,0.10488246,0.32964283,0.079113506
3,0.5429464,0.00050545245,4.7409735e-06,0.42859837,0.017578691,0.010366358
0,0.93849385,0.0016081971,6.83739e-05,0.03071555,0.027362121,0.0017518939
5,0.37907684,0.25845245,0.044616994,0.24275517,0.05201199,0.023086509
2,4.380946e-06,0.0015111809,0.9980788,0.0002068499,1.2869233e-05,0.00018584252
2,0.00042472026,0.009658728,0.5112029,0.030820606,0.0339727,0.41392037
5,0.010037202,0.003168543,0.00056284084,0.015765255,0.52513576,0.4453304
4,0.16539091,0.05777081,0.0011480816,0.05229087,0.6697567,0.053642526
0,0.71925956,0.0013127133,4.9726612e-05,0.19722591,0.081045516,0.0011064722
4,0.04116103,0.083857,0.0395086,0.51993936,0.18397197,0.131562
4,0.2376838,0.008325042,6.674689e-05,0.06906939,0.64668834,0.03816665
5,0.21849923,0.010189507,0.00012881387,0.13751508,0.10842348,0.52524394
5,0.006955486,0.006176342,6.292324e-05,0.034364697,0.03287002,0.9195705
5,0.046456434,0.017005272,0.00010745516,0.050642982,0.06694042,0.81884754
0,0.69566,0.053368375,0.027556978,0.13863689,0.010321363,0.074456275
3,0.1629105,0.04386559,0.015364799,0.45635697,0.08570306,0.23579901
5,0.013426403,0.036131065,0.0044614356,0.07569965,0.15021904,0.7200623
5,0.0050982754,0.017801255,0.00046395112,0.10330281,0.014600625,0.85873306
0,0.6333607,0.009347069,0.00016969632,0.17530155,0.1546796,0.027141368
3,0.7048666,0.021115538,0.00024850803,0.17090839,0.100816615,0.0020444551
3,0.23683205,0.010476388,0.00018025914,0.72636646,0.012303489,0.013841317
3,0.07389944,0.028824255,0.013425736,0.38588336,0.041769877,0.45619735
5,0.004698774,0.13254213,0.07622498,0.04143176,0.01416711,0.7309353
3,0.51356286,0.00085134,5.494714e-06,0.38736844,0.0457558,0.052456044
5,0.00085784163,0.0069882013,0.0077566635,0.015880255,0.0014735103,0.9670436
1,0.007022531,0.68304646,0.20289455,0.0753014,0.023194289,0.008540719
3,0.16527136,0.0021453286,5.9250826e-05,0.73873496,0.008138768,0.0856503
2,0.008654664,0.52043307,0.04950827,0.23802991,0.022202285,0.16117173
4,0.05218254,0.06127928,0.001320933,0.14524709,0.736477,0.0034931176
0,0.34038338,0.060516205,0.00021460185,0.536384,0.05507511,0.007426691
0,0.81175274,0.005529641,0.00043832383,0.1149572,0.049715105,0.017606989
0,0.38707143,0.006339267,6.1095925e-05,0.54303324,0.03504856,0.028446378
3,0.39894235,0.051639285,0.0010138036,0.53262615,0.009015407,0.006763081
0,0.050157078,0.020191222,0.00088997063,0.0617136,0.040109172,0.826939
1,0.21299373,0.36031628,0.00042846738,0.19770174,0.22739139,0.0011684945
4,0.22309995,0.045390714,0.004586403,0.31446508,0.082573764,0.32988408
1,0.012582908,0.7044708,0.01588976,0.24628423,0.0013022156,0.019470079
4,0.093953244,0.3456379,0.008209694,0.44765955,0.08531644,0.019223234
4,0.03195252,0.4098872,0.020480055,0.2538039,0.21112722,0.07274911
1,0.1575913,0.69438183,0.00089386734,0.09141537,0.045172222,0.010545466
1,0.0018457795,0.96419585,0.0003997702,0.03024344,0.0031882762,0.0001268727
3,0.08466515,0.35063472,0.0033465999,0.33026883,0.2254841,0.0056006396
4,0.5872674,0.0012223832,4.3314933e-05,0.10905128,0.22968532,0.07273033
4,0.045384657,0.005342002,0.009003541,0.14848816,0.60274833,0.18903333
4,0.24228221,0.046482306,0.0014143661,0.30208185,0.28491092,0.12282824
1,0.0014021622,0.95709115,0.0046181045,0.030885484,0.005322893,0.00068025646
2,0.00010854802,0.0016604749,0.996988,0.0010424128,7.8923316e-05,0.0001216861
5,0.02754151,0.002593955,0.0009105369,0.023281127,0.035343003,0.9103299
1,0.029492073,0.9159407,0.00058011396,0.008225874,0.013580365,0.03218097
0,0.50753707,0.0017433928,0.0002299948,0.02202228,0.4655648,0.0029025408
0,0.89787287,0.0013839487,3.0862433e-05,0.017212434,0.07957428,0.0039256965
2,3.4279012e-06,0.00036710262,0.9994875,0.00010796795,2.455312e-06,3.158173e-05
5,0.0040409984,0.00016074625,2.5026018e-05,0.0006604363,0.060883537,0.9342294
2,1.828002e-05,0.003393098,0.99582064,0.00026735096,3.8887632e-05,0.00046168602
0,0.35169312,0.06324193,0.017238326,0.49766266,0.007823499,0.06234042
5,0.040753953,0.010170243,0.0015395656,0.035911273,0.06835205,0.843273
5,0.03608203,0.003275738,8.225378e-05,0.012593771,0.007270829,0.9406954
3,0.004623875,0.39695123,0.0074521257,0.54395527,0.04614114,0.00087638677
0,0.7775675,0.009391942,0.00011432127,0.047869436,0.10449313,0.060563687
5,0.008213384,0.035199046,0.006184502,0.07155947,0.001079992,0.8777636
4,0.17990223,0.00024161114,1.7262789e-06,0.0025474445,0.8113633,0.005943719
2,7.088927e-05,0.030397303,0.96654385,0.0021198431,0.0004792395,0.00038877118
2,1.963569e-05,0.0016287518,0.9810059,0.00063769164,0.00020328423,0.016504794
2,8.543578e-06,0.0017527269,0.9975896,0.000114483104,0.00010339855,0.00043128137
2,6.3195453e-06,0.001870048,0.997995,6.470962e-05,2.7003987e-05,3.6890262e-05
5,0.00045704836,0.0012869446,1.6125588e-05,0.009353808,0.002832076,0.986054
3,0.019319938,0.044127796,0.0029246656,0.91809505,0.0033433842,0.012189094
5,0.015031965,0.0013131968,4.5702458e-05,0.053021047,0.0067211143,0.923867
5,0.00789162,0.0073375297,0.008809637,0.0137962205,0.008793056,0.953372
4,0.40973893,0.039314386,0.0057954295,0.13391998,0.3276912,0.08354012
4,0.12134188,0.23117949,0.025467863,0.023515724,0.59114236,0.0073527256
5,0.0072187237,0.0020160356,0.0070747617,0.0053326786,0.0038285921,0.9745292
0,0.93863404,0.00030969738,6.3703405e-06,0.047831334,0.013096702,0.00012184765
0,0.79986084,0.0018178895,1.3182726e-05,0.09589025,0.064639874,0.03777794
5,0.0022041583,0.0015295659,0.0004769439,0.035002768,0.045414753,0.9153718
3,0.102381475,0.012857092,0.00012837445,0.85222816,0.016518053,0.015886847
4,0.20829843,0.0068668113,5.1435927e-05,0.13713132,0.6331012,0.014550732
3,0.13007402,0.049612023,0.0011170617,0.5194067,0.084936045,0.2148542
2,0.0002423955,0.0026819622,0.99219316,0.0027916424,0.0009668913,0.0011239283
2,0.0006140037,0.0024543756,0.9704699,0.0018725367,0.005734776,0.018854436
2,0.0017908545,0.007778012,0.9702518,0.016323326,0.0036890788,0.00016691921
3,0.10082144,0.039838307,0.00040080553,0.17543909,0.09322236,0.5902781
2,2.7300334e-06,0.0001473525,0.9996916,1.742443e-05,5.4925804e-06,0.00013540525
3,0.119448155,0.09783529,0.020900069,0.73385006,0.0031906078,0.024775779
2,7.047159e-05,0.0014403703,0.99720687,0.00025201906,0.00033293717,0.00069731206
3,0.022775676,0.6017029,0.0007120688,0.24117889,0.11350211,0.020128265
0,0.8127813,0.001288302,0.00011664356,0.011356894,0.17331156,0.0011453453
4,0.0314439,0.0018462944,0.013117744,0.05710967,0.6706845,0.22579783
0,0.6592109,0.014609327,0.00045971075,0.17295296,0.08129408,0.07147291
3,0.001430976,0.02936115,0.019908275,0.7163842,0.024322564,0.20859285
2,0.00021113831,0.016290596,0.9797611,0.0022076264,0.0013703067,0.00015927863
5,0.00080904993,0.0030481366,0.030360166,0.0016611206,0.001624419,0.9624971
5,0.20875393,0.058482204,0.0015666859,0.22384062,0.06705922,0.44029737
0,0.26709262,0.057090733,0.00028989385,0.6504837,0.020553565,0.004489538
5,0.0006390854,0.00011303761,6.7253604e-05,0.00078979565,0.0047538583,0.99363697
4,0.35816455,0.032401733,0.00022850304,0.036942303,0.5549742,0.017288676
0,0.55731386,0.05962483,0.0024033631,0.23591952,0.13865152,0.0060869143
3,0.24306113,0.0420093,0.013533341,0.20454982,0.085774556,0.41107184
0,0.48246172,0.06554829,0.0009126171,0.42782235,0.015012535,0.008242508
0,0.37469572,0.05432338,0.04078909,0.16547213,0.24567087,0.11904892
5,0.04789532,0.0011139836,4.6769324e-05,0.009725893,0.45334715,0.487871
4,0.03213251,0.00029226046,0.00034867064,0.0008197788,0.96592414,0.00048262774
0,0.7767617,0.0016733548,2.1933483e-05,0.16184205,0.047998328,0.011702629
3,0.027483216,0.14018098,0.0040655495,0.183643,0.6314346,0.013192657
1,0.11239283,0.46545383,0.0011019267,0.03789671,0.36990404,0.013250607
3,0.23814616,0.08418264,0.0032287142,0.13159733,0.29650468,0.2463405
1,0.028292164,0.5598745,0.0021381597,0.3758378,0.027911818,0.005945544
2,1.2389027e-06,0.00051579264,0.9994388,2.9231538e-05,5.720199e-06,9.180145e-06
1,0.0059395665,0.90198284,0.00077600346,0.0076096565,0.06518459,0.018507328
2,0.0008315002,0.09550978,0.8333619,0.06426421,0.0024605733,0.003571989
0,0.9042352,0.0007248123,0.0001210374,0.021963382,0.06655513,0.0064004096
0,0.19507696,0.04198998,0.010232987,0.34299186,0.11354245,0.29616573
0,0.7578281,0.030928398,0.008066546,0.07306905,0.12485264,0.0052552167
2,0.00031193416,0.02342738,0.9606082,0.009675124,0.005755561,0.00022179073
2,2.4020184e-05,0.00029760975,0.99843115,0.00056650664,0.00062838255,5.2384006e-05
5,0.009590252,0.0025396233,9.818015e-05,0.007637832,0.012699924,0.96743417
5,0.70232844,0.008909365,0.00023573935,0.10081045,0.104924776,0.08279126
1,0.0059437444,0.461451,0.048434854,0.20936543,0.0045361086,0.27026883
4,0.14394778,0.0009633071,0.00035608184,0.0055407854,0.8229579,0.026234195
5,0.35466814,0.010241614,0.00010011886,0.03098097,0.09977739,0.50423175
5,0.14438103,0.0007833517,3.9799863e-05,0.007267575,0.046822093,0.8007061
0,0.6470041,0.021951215,0.00018277115,0.1776,0.14087318,0.012388677
5,0.0005601354,0.001451094,0.0008604783,0.0019464178,0.0068138773,0.988368
0,0.7109319,0.027234746,0.0036373287,0.2315971,0.004644002,0.02195498
5,0.00096071995,0.0014001428,8.373289e-05,0.0030062268,0.0017001508,0.992849
0,0.6379349,0.0041036084,5.5118326e-05,0.23887734,0.08940848,0.029620538
2,6.039897e-05,0.015761198,0.97601,0.0003919297,0.0041705784,0.0036059425
0,0.78612393,0.059916273,0.03235588,0.09062363,0.014554465,0.016425885
2,3.009092e-05,0.0009519944,0.9974523,0.0011446249,0.00012879769,0.0002921616
0,0.25569052,0.06839531,0.0021198113,0.1482821,0.11026154,0.4152507
3,0.6639837,0.007441535,0.00093481765,0.22987315,0.059873167,0.03789362
2,1.6043552e-06,0.0035845325,0.9963086,3.598977e-05,8.205682e-06,6.094228e-05
2,0.00080916856,0.0805096,0.89038736,0.022939235,0.0017886328,0.0035659438
2,1.1115977e-05,0.0011322572,0.9983183,0.00024703264,0.000103575876,0.00018769468
2,0.00087448326,0.01822637,0.9688177,0.006366031,0.003381304,0.0023341046
2,2.2344217e-05,0.00010492852,0.99528027,0.0004820589,0.0010124823,0.0030979963
1,0.0779921,0.15061629,0.15624231,0.045204695,0.078943625,0.491001
2,6.941012e-05,0.0002450461,0.92829484,0.0072457357,0.0028221316,0.061322767
3,0.054381154,0.12948866,0.045575593,0.23897153,0.4907134,0.040869568
5,1.722169e-05,8.002997e-06,8.863454e-08,0.00045989815,0.002247782,0.9972671
3,0.05245416,0.12787423,0.0021773963,0.80557525,0.0071084606,0.0048104585
5,0.028455209,0.012837704,0.00069108815,0.04036294,0.00959115,0.9080618
0,0.6265257,0.003924178,0.00017239965,0.2553288,0.022997104,0.09105178
1,0.043766607,0.78913724,0.0016835318,0.13838257,0.020019528,0.007010459
1,0.00048911,0.91784793,0.0004567456,0.052274443,0.028467381,0.0004643068
3,0.13713314,0.0071170474,9.9720404e-05,0.7967635,0.05685548,0.0020311298
0,0.81163365,0.01414997,0.00046158745,0.14806378,0.023121476,0.0025695197
4,0.37551323,0.0020151464,4.0161347e-05,0.050799973,0.5512689,0.020362645
3,0.00857863,0.04465864,0.04983394,0.86991024,0.0018383332,0.02518022
1,0.0014270229,0.850457,0.011227787,0.12016764,0.0068504484,0.00987009
1,0.006793446,0.70788556,0.09099661,0.07137215,0.0089719035,0.11398039
1,0.0049688537,0.62359446,0.03062736,0.32484886,0.004865668,0.011094853
0,0.9466625,0.0007089072,2.2678894e-05,0.027421474,0.018913606,0.0062708408
5,0.009461474,0.0008649072,7.822374e-06,0.009912325,0.027928455,0.951825
5,0.00035640574,0.002076131,4.3821994e-05,0.003389713,0.0008452836,0.9932886
2,2.1141956e-05,0.00514987,0.99417734,0.0005510472,4.989882e-05,5.077547e-05
1,0.08916507,0.44327888,0.21331823,0.13530113,0.0066571585,0.11227948
1,0.0015641225,0.7829845,0.0054420736,0.12753592,0.08109227,0.0013810239
2,0.0021956777,0.16586071,0.6074939,0.20786409,0.004998709,0.011586917
2,3.4130503e-06,0.007207696,0.981575,0.0006216075,0.00010094241,0.010491233
5,0.020542547,0.059890598,0.011814055,0.14473492,0.1380528,0.624965
3,0.20533334,0.24431916,0.008541053,0.49887326,0.037988394,0.0049447296
3,0.4829677,0.004166176,0.00036541052,0.4716231,0.011033333,0.029844297
4,0.026330406,0.0019047277,8.881024e-06,0.0037160937,0.95418483,0.0138550075
2,2.4074266e-06,0.00025338557,0.9997105,1.4189446e-05,1.7151408e-05,2.3108319e-06
0,0.84822446,0.0017482728,3.2266307e-05,0.12770222,0.01518836,0.0071044127
3,0.0686679,0.13766259,0.01475078,0.4292421,0.34026292,0.009413768
2,0.0011803389,0.05885532,0.9182294,0.0058796243,0.0020397867,0.013815524
1,0.026121054,0.47009182,0.0034692623,0.090768315,0.38624284,0.023306744
5,0.0057979953,0.16791716,0.073281646,0.15006982,0.008730103,0.59420323
5,0.0016600428,0.00074510364,0.00042570897,0.0025230162,0.0053204037,0.98932564
5,0.055931445,0.018701453,0.0025015087,0.021579705,0.11507805,0.78620785
2,0.008082765,0.17140487,0.7596806,0.012424345,0.010378983,0.038028356
0,0.20767172,0.035119046,0.0061189835,0.5285216,0.03305878,0.18950988
3,0.0019943642,0.3637994,0.004191301,0.101097114,0.06291759,0.46600023
3,0.5205887,0.001577351,0.000114501265,0.46701595,0.004778133,0.005925391
4,0.58870965,0.06642162,0.0016074331,0.17265019,0.16756815,0.0030429706
4,0.35851213,0.031140065,0.0038143983,0.06615224,0.4745785,0.06580264
4,0.0030125175,0.008328225,5.5548673e-05,0.0259191,0.9023787,0.060305882
3,0.26814926,0.0015262727,2.0744485e-05,0.7027072,0.014429707,0.013166853
0,0.5680701,0.003560264,0.0024991352,0.090625174,0.077209964,0.2580354
4,0.04763387,0.00858581,0.019379135,0.5334545,0.34850934,0.04243736
2,0.004777978,0.116100125,0.8080936,0.0029819985,0.016328739,0.05171753
1,0.012817157,0.69157106,0.035436023,0.22746974,0.011429115,0.021276975
0,0.7740565,0.07755773,0.008509701,0.1075309,0.013421983,0.018923212
5,0.0015659475,0.0031309393,0.0071973396,0.0006117885,0.0026458427,0.9848482
5,0.0054553994,0.00075467495,0.00062683364,0.009879113,0.0012735513,0.9820104
0,0.6535776,0.0029086433,0.00030578114,0.322767,0.0133731915,0.007067715
1,0.03585765,0.8637685,0.0015656668,0.023744646,0.06954774,0.005515834
0,0.4349337,0.07096207,0.033237156,0.35892898,0.06507703,0.03686103
3,0.030871766,0.004510316,2.3979454e-05,0.9539284,0.0029339811,0.007731607
4,0.6608502,0.0052617625,0.00012334021,0.05312178,0.2085941,0.07204882
1,0.00048525882,0.9705723,0.0022860211,0.023549857,0.0020741944,0.0010323925
3,0.0841442,0.099556364,0.0024947654,0.45832998,0.34442326,0.011051437
0,0.4110542,0.0015119914,8.681378e-05,0.02421236,0.5322857,0.030849004
1,0.15075654,0.60254955,0.0024361843,0.14646198,0.085470974,0.012324742
0,0.23371576,0.061587192,0.00044325943,0.25605816,0.15692951,0.29126608
2,9.514009e-07,3.186095e-05,0.99995077,1.467701e-05,5.8776885e-07,1.1871854e-06
3,0.19129524,0.0021278241,0.00011449656,0.03861591,0.76045066,0.007395888
4,0.07651917,0.01333268,0.0012812106,0.65734315,0.23582926,0.015694499
2,0.0022938899,0.0074189934,0.973266,0.0034219334,0.0068076123,0.0067916117
4,0.03414618,0.010953855,0.0022366426,0.06592037,0.5297404,0.35700253
2,0.0025560665,0.043608453,0.9006583,0.017973175,0.0137490975,0.021454949
1,0.013763103,0.69232655,0.008729691,0.12569825,0.15090516,0.008577216
4,0.3565185,0.068007715,0.0005245443,0.2143391,0.31820026,0.042409893
4,0.43382874,0.008965772,0.0005357504,0.13443859,0.37750128,0.04472984
3,0.1353595,0.017406525,0.0005061597,0.83438224,0.00568901,0.0066564945
2,0.015389287,0.18948723,0.7000313,0.036527388,0.009812317,0.048752446
0,0.5490818,0.0020304387,0.00060002966,0.31756717,0.0467307,0.08398992
1,0.005796922,0.23253624,0.67585295,0.04599319,0.00051171373,0.039308943
2,0.00040038332,0.0023948394,0.9914608,0.0021721763,0.0026385228,0.00093328906
5,0.106743656,0.028617287,0.016391458,0.1655444,0.19714026,0.4855629
3,0.016874626,0.008768432,0.00028296534,0.96748126,0.002403236,0.004189573
2,0.00013434743,0.004196688,0.98526824,0.0048694047,0.00057998503,0.004951349
3,0.45007154,0.0022662224,7.970982e-05,0.53805417,0.0048316508,0.0046966607
1,0.002737693,0.8436687,0.0037187801,0.12198566,0.0143347625,0.0135544455
0,0.69896805,0.015337174,0.00020024345,0.18258263,0.09901659,0.003895273
3,0.017290898,0.2922281,0.00531437,0.47786617,0.20075212,0.0065483674
5,0.077556945,0.05975191,0.008692959,0.15227263,0.0817866,0.6199389
4,0.23220015,0.029561404,0.0009222812,0.22160174,0.47069883,0.04501565
3,0.18450531,0.09351057,0.0010176656,0.69484365,0.022711325,0.0034114928
4,0.11105624,0.025201648,0.00027557366,0.14269231,0.474469,0.24630527
0,0.57647,0.0099583035,0.0037454383,0.09988088,0.2905352,0.019410152
1,0.000103685226,0.8301957,0.14683846,0.022059003,0.0006145441,0.00018858306
0,0.44427326,0.015048792,0.00061595434,0.295571,0.20770289,0.03678804
